SUBREDDIT,MULTIREDDIT,NETWORK
imaginaryarchers,imcharacters,imaginarynetwork
imaginaryassassins,imcharacters,imaginarynetwork
imaginaryastronauts,imcharacters,imaginarynetwork
imaginaryknights,imcharacters,imaginarynetwork
imaginarylovers,imcharacters,imaginarynetwork
imaginarymythology,imcharacters,imaginarynetwork
imaginarynobles,imcharacters,imaginarynetwork
imaginaryscholars,imcharacters,imaginarynetwork
imaginarysoldiers,imcharacters,imaginarynetwork
imaginarywarriors,imcharacters,imaginarynetwork
imaginarywitches,imcharacters,imaginarynetwork
imaginarywizards,imcharacters,imaginarynetwork
imaginaryangels,imraces,imaginarynetwork
imaginarydwarves,imraces,imaginarynetwork
imaginaryelves,imraces,imaginarynetwork
imaginaryfaeries,imraces,imaginarynetwork
imaginaryhumans,imraces,imaginarynetwork
imaginaryimmortals,imraces,imaginarynetwork
imaginarymerfolk,imraces,imaginarynetwork
imaginaryorcs,imraces,imaginarynetwork
imaginarybattlefields,imlandscapes,imaginarynetwork
imaginarycityscapes,imlandscapes,imaginarynetwork
imaginaryhellscapes,imlandscapes,imaginarynetwork
imaginarymindscapes,imlandscapes,imaginarynetwork
imaginarypathways,imlandscapes,imaginarynetwork
imaginaryseascapes,imlandscapes,imaginarynetwork
imaginaryskyscapes,imlandscapes,imaginarynetwork
imaginarystarscapes,imlandscapes,imaginarynetwork
imaginarywastelands,imlandscapes,imaginarynetwork
imaginaryweather,imlandscapes,imaginarynetwork
imaginarywildlands,imlandscapes,imaginarynetwork
imaginaryworlds,imlandscapes,imaginarynetwork
imaginaryarchitecture,imarchitecture,imaginarynetwork
imaginarycastles,imarchitecture,imaginarynetwork
imaginarydwellings,imarchitecture,imaginarynetwork
imaginaryinteriors,imarchitecture,imaginarynetwork
imaginarybeasts,immonsters,imaginarynetwork
imaginarybehemoths,immonsters,imaginarynetwork
imaginarydemons,immonsters,imaginarynetwork
imaginarydragons,immonsters,imaginarynetwork
imaginaryelementals,immonsters,imaginarynetwork
imaginaryhorrors,immonsters,imaginarynetwork
imaginaryhybrids,immonsters,imaginarynetwork
imaginaryleviathans,immonsters,imaginarynetwork
imaginarymonstergirls,immonsters,imaginarynetwork
imaginaryundead,immonsters,imaginarynetwork
imaginaryworldeaters,immonsters,imaginarynetwork
imaginaryarmor,imtechnology,imaginarynetwork
imaginarycybernetics,imtechnology,imaginarynetwork
imaginarycyberpunk,imtechnology,imaginarynetwork
imaginaryfuturewar,imtechnology,imaginarynetwork
imaginaryfuturism,imtechnology,imaginarynetwork
imaginarymechs,imtechnology,imaginarynetwork
imaginaryrobotics,imtechnology,imaginarynetwork
imaginarystarships,imtechnology,imaginarynetwork
imaginarysteampunk,imtechnology,imaginarynetwork
imaginaryweaponry,imtechnology,imaginarynetwork
autumnporn,sfwpornnature,sfwpornnetwork
beachporn,sfwpornnature,sfwpornnetwork
botanicalporn,sfwpornnature,sfwpornnetwork
desertporn,sfwpornnature,sfwpornnetwork
destructionporn,sfwpornnature,sfwpornnetwork
earthporn,sfwpornnature,sfwpornnetwork
fireporn,sfwpornnature,sfwpornnetwork
geologyporn,sfwpornnature,sfwpornnetwork
lakeporn,sfwpornnature,sfwpornnetwork
mushroomporn,sfwpornnature,sfwpornnetwork
seaporn,sfwpornnature,sfwpornnetwork
skyporn,sfwpornnature,sfwpornnetwork
spaceporn,sfwpornnature,sfwpornnetwork
waterporn,sfwpornnature,sfwpornnetwork
weatherporn,sfwpornnature,sfwpornnetwork
winterporn,sfwpornnature,sfwpornnetwork
abandonedporn,sfwpornsynthetic,sfwpornnetwork
aerialporn,sfwpornsynthetic,sfwpornnetwork
architectureporn,sfwpornsynthetic,sfwpornnetwork
boatporn,sfwpornsynthetic,sfwpornnetwork
bridgeporn,sfwpornsynthetic,sfwpornnetwork
cabinporn,sfwpornsynthetic,sfwpornnetwork
carporn,sfwpornsynthetic,sfwpornnetwork
cemeteryporn,sfwpornsynthetic,sfwpornnetwork
cityporn,sfwpornsynthetic,sfwpornnetwork
drydockporn,sfwpornsynthetic,sfwpornnetwork
f1porn,sfwpornsynthetic,sfwpornnetwork
gunporn,sfwpornsynthetic,sfwpornnetwork
houseporn,sfwpornsynthetic,sfwpornnetwork
infrastructureporn,sfwpornsynthetic,sfwpornnetwork
knifeporn,sfwpornsynthetic,sfwpornnetwork
machineporn,sfwpornsynthetic,sfwpornnetwork
militaryporn,sfwpornsynthetic,sfwpornnetwork
policeporn,sfwpornsynthetic,sfwpornnetwork
retailporn,sfwpornsynthetic,sfwpornnetwork
roadporn,sfwpornsynthetic,sfwpornnetwork
ruralporn,sfwpornsynthetic,sfwpornnetwork
starshipporn,sfwpornsynthetic,sfwpornnetwork
steamporn,sfwpornsynthetic,sfwpornnetwork
thingscutinhalfporn,sfwpornsynthetic,sfwpornnetwork
toolporn,sfwpornsynthetic,sfwpornnetwork
villageporn,sfwpornsynthetic,sfwpornnetwork
adrenalineporn,sfwpornorganic,sfwpornnetwork
agricultureporn,sfwpornorganic,sfwpornnetwork
animalporn,sfwpornorganic,sfwpornnetwork
climbingporn,sfwpornorganic,sfwpornnetwork
culinaryporn,sfwpornorganic,sfwpornnetwork
dessertporn,sfwpornorganic,sfwpornnetwork
humanporn,sfwpornorganic,sfwpornnetwork
megalithporn,sfwpornorganic,sfwpornnetwork
teaporn,sfwpornorganic,sfwpornnetwork
adporn,sfwpornaesthetic,sfwpornnetwork
albumartporn,sfwpornaesthetic,sfwpornnetwork
apocalypseporn,sfwpornaesthetic,sfwpornnetwork
artporn,sfwpornaesthetic,sfwpornnetwork
avporn,sfwpornaesthetic,sfwpornnetwork
designporn,sfwpornaesthetic,sfwpornnetwork
exposureporn,sfwpornaesthetic,sfwpornnetwork
fashionporn,sfwpornaesthetic,sfwpornnetwork
fractalporn,sfwpornaesthetic,sfwpornnetwork
gamerporn,sfwpornaesthetic,sfwpornnetwork
geekporn,sfwpornaesthetic,sfwpornnetwork
instrumentporn,sfwpornaesthetic,sfwpornnetwork
macroporn,sfwpornaesthetic,sfwpornnetwork
metalporn,sfwpornaesthetic,sfwpornnetwork
movieposterporn,sfwpornaesthetic,sfwpornnetwork
organizationporn,sfwpornaesthetic,sfwpornnetwork
roomporn,sfwpornaesthetic,sfwpornnetwork
sculptureporn,sfwpornaesthetic,sfwpornnetwork
streetartporn,sfwpornaesthetic,sfwpornnetwork
uniformporn,sfwpornaesthetic,sfwpornnetwork
viewporn,sfwpornaesthetic,sfwpornnetwork
artefactporn,sfwpornscholastic,sfwpornnetwork
bookporn,sfwpornscholastic,sfwpornnetwork
fossilporn,sfwpornscholastic,sfwpornnetwork
futureporn,sfwpornscholastic,sfwpornnetwork
historyporn,sfwpornscholastic,sfwpornnetwork
